Supplier Country,Supplier Name,Supplier ID
NO,Scandinavian Clothing A/S,50
SE,Petterson AB,109
GB,Prime Sports Ltd,316
DK,Top Sports,755
US,AllSeasons Outdoor Clothing,772
ES,Sportico,798
DE,Meister Pharma & Chemie GmBH,1037
GB,British Sports Ltd,1280
US,Eclipse Inc,1303
NL,Dutchman Bikes,1444
PT,Magnifico Sports,1684
US,Pro Sportswear Inc,1747
FR,Bon Garrments,2685
US,3Top Sports,2963
NL,Van Dammeren International,2995
US,A Team Sports,3298
US,Triple Sportswear Inc,3664
US,Carolina Sports,3808
US,Roll-Over Inc,3815
ES,Rubby Zapatos S.A.,4168
GB,Royal Darts Ltd,4514
US,Mayday Inc,4646
US,KN Outdoor Trading Inc,4718
ES,Luna sastreria S.A.,4742
DK,Norsok A/S,4793
US,Ultra Sporting Goods Inc,5503
PT,A. Pereira Sport,5668
US,Teamsports Inc,5810
BE,Force Sports,5922
GB,SportsFan Products Ltd,6071
US,Nautlius SportsWear Inc,6153
DE,Schroeder Trim GmBH,6246
SE,Svensson Trading AB,6355
DE,SnowSports International GmBH,6991
US,Mike Schaeffer Inc,7511
US,Sockeye Sportswear Inc,7650
US,HighPoint Trading,10225
AU,Toto Outdoor Gear,10692
AU,Typhoon Clothing,11427
GB,EA Sports Limited,12283
NO,Truls Sporting Goods,12869
FR,Le Blanc S.A.,13079
US,Twain Inc,13198
FR,Massif S.A.,13199
NL,Triffy B.V.,13314
US,SD Sporting Goods Inc,13710
AU,Health-Sports,14162
US,Fga Sports Inc,14593
FR,Ypsilon S.A.,14624
US,Top Sports Inc,14648
GB,Greenline Sports Ltd,14682
US,Miller Trading Inc,15218
GB,TeeTime Ltd,15938
US,Dolphin Sportswear Inc,16292
GB,Outback Outfitters Ltd,16422
NL,TrimSport B.V.,16542
CA,Fuller Trading Co.,16733
CA,CrystalClear Optics Inc,16814
FR,ToughWear S.A.,17501
GB,GrandSlam Sporting Goods Ltd,17832
ES,Bianco Trading S.A.,17922
US,SportPharma Inc,18009
GB,Harry Penny Ltd,18012
US,Green Lime Sports Inc,18139
